image_name;ID;perspective
001_020725_3.jpg;1;-1
001_020725_1.jpg;1;-1
001_020725_2.jpg;1;0
002_030725_1.JPG;2;0
002_030725_2.JPG;2;0
002_030725_3.JPG;2;-1
003_030725_3.JPG;3;0
003_030725_1.JPG;3;-1
003_030725_2.JPG;3;-1
004_030725_2.JPG;4;0
004_030725_3.JPG;4;0
004_030725_1.JPG;4;-1
005_010725_1.JPG;5;0
005_010725_2.JPG;5;-1
005_010725_3.JPG;5;0
006_030725_3.JPG;6;1
006_030725_1.JPG;6;1
006_030725_2.JPG;6;-1
007_030725_3.JPG;7;0
007_030725_1.JPG;7;0
007_030725_2.JPG;7;-1
008_030725_1.JPG;8;-1
008_030725_3.JPG;8;0
008_030725_2.JPG;8;-1
009_030725_1.JPG;9;0
009_030725_2.JPG;9;0
009_030725_3.JPG;9;-1
010_030725_3.JPG;10;-1
010_030725_1.JPG;10;1
010_030725_2.JPG;10;1
011_030725_1.JPG;11;0
011_030725_2.JPG;11;0
011_030725_3.JPG;11;0
012_040725_1.JPG;12;0
012_040725_2.JPG;12;1
012_040725_3.JPG;12;1
013_070725_1.JPG;13;0
013_070725_2.JPG;13;-1
013_070725_3.JPG;13;-1
014_070725_3.JPG;14;1
014_070725_1.JPG;14;-1
014_070725_2.JPG;14;-1
015_070725_1.JPG;15;-1
015_070725_2.JPG;15;-1
015_070725_3.JPG;15;-1
016_070725_1.JPG;16;0
016_070725_2.JPG;16;-1
016_070725_3.JPG;16;0
017_160725_1.JPG;17;1
017_160725_2.JPG;17;0
018_070725_2.JPG;18;1
018_070725_1.JPG;18;-1
018_070725_3.JPG;18;-1
019_070725_3.JPG;19;0
019_070725_1.JPG;19;-1
019_070725_2.JPG;19;-1
020_070725_2.JPG;20;0
020_070725_1.JPG;20;-1
020_070725_3.JPG;20;-1
021_070725_1.JPG;21;-1
021_070725_2.JPG;21;-1
021_070725_4.JPG;21;-1
022_070725_1.JPG;22;0
022_070725_3.JPG;22;0
022_070725_2.JPG;22;1
023_070725_1.JPG;23;0
023_070725_3.JPG;23;-1
023_070725_2.JPG;23;-1
024_070725_1.JPG;24;-1
024_070725_2.JPG;24;-1
025_070725_1.JPG;25;-1
025_070725_2.JPG;25;-1
025_070725_3.JPG;25;-1
026_070725_1.JPG;26;1
026_070725_3.JPG;26;1
026_070725_2.JPG;26;-1
027_070725_1.JPG;27;0
027_070725_2.JPG;27;-1
027_070725_3.JPG;27;-1
028_080725_1.JPG;28;0
028_080725_3.JPG;28;0
028_080725_2.JPG;28;0
029_080725_1.JPG;29;0
030_090725_2.JPG;30;0
030_090725_3.JPG;30;0
030_090725_1.JPG;30;-1
031_090725_1.JPG;31;-1
031_090725_3.JPG;31;-1
031_090725_2.JPG;31;-1
032_090725_2.JPG;32;0
032_090725_1.JPG;32;-1
032_090725_3.JPG;32;-1
033_090725_1.JPG;33;0
033_090725_2.JPG;33;0
034_090725_1.JPG;34;-1
034_090725_2.JPG;34;0
035_090725_1.JPG;35;-1
035_090725_2.JPG;35;-1
035_090725_3.JPG;35;-1
036_090725_1.JPG;36;-1
036_090725_2.JPG;36;-1
036_090725_3.JPG;36;-1
037_090725_1.JPG;37;-1
037_090725_2.JPG;37;-1
037_090725_3.JPG;37;-1
038_090725_1.JPG;38;0
038_090725_2.JPG;38;-1
039_160725_1.JPG;39;0
039_160725_2.JPG;39;0
039_160725_3.JPG;39;0
040_140725_1.JPG;40;0
040_140725_2.JPG;40;1
041_140725_1.JPG;41;0
041_140725_2.JPG;41;0
042_140725_1.JPG;42;0
042_140725_2.JPG;42;0
043_140725_1.JPG;43;0
043_140725_2.JPG;43;-1
044_140725_1.JPG;44;-1
044_140725_2.JPG;44;-1
044_140725_3.JPG;44;-1
045_140725_1.JPG;45;0
045_140725_2.JPG;45;0
046_140725_1.JPG;46;-1
046_140725_2.JPG;46;-1
047_140725_3.JPG;47;1
047_140725_1.JPG;47;-1
047_140725_2.JPG;47;1
048_140725_1.JPG;48;1
048_140725_2.JPG;48;-1
049_150725_1.JPG;49;0
049_150725_2.JPG;49;1
050_160725_1.JPG;50;0
050_160725_2.JPG;50;0
051_150725_2.JPG;51;0
051_150725_1.JPG;51;1
052_150725_1.JPG;52;-1
052_150725_2.JPG;52;1
053_200825_1.jpeg;53;1
054_200825_1.jpeg;54;-1
054_200825_2.jpeg;54;0
055_200825_1.jpeg;55;0
055_200825_2.jpeg;55;0
056_200825_1.jpeg;56;1
056_200825_2.jpeg;56;-1
057_200825_1.jpeg;57;1
057_200825_2.jpeg;57;0
057_200825_3.jpeg;57;1
058_200825_1.jpeg;58;0
058_200825_2.jpeg;58;-1
059_200825_1.jpeg;59;0
059_200825_2.jpeg;59;0
060_200825_1.jpeg;60;1
060_200825_2.jpeg;60;1
061_200825_1.jpeg;61;0
061_200825_2.jpeg;61;1
062_200825_1.JPG;62;-1
065_200825_1.jpeg;65;0
065_200825_2.jpeg;65;0
066_200825_1.jpeg;66;-1
066_200825_2.jpeg;66;-1
068_200825_1.jpeg;68;0
069_200825_1.jpeg;69;0
070_200825_1.jpeg;70;0
071_200825_1.jpeg;71;0
071_200825_2.jpeg;71;0
072_200825_1.jpeg;72;0
073_200825_1.jpeg;73;-1
074_200825_1.jpeg;74;1
074_200825_2.jpeg;74;1
R01_080226_3.JPG;R01;0
R01_080226_4.JPG;R01;0
R01_080226_5.JPG;R01;0
R01_080226_6.JPG;R01;0
R01_080226_1.JPG;R01;-1
R01_080226_2.JPG;R01;-1
R02_080226_1.JPG;R02;0
R02_080226_3.JPG;R02;-1
R02_080226_2.JPG;R02;1
R02_080226_4.JPG;R02;-1
R03_080226_1.JPG;R03;-1
R03_080226_2.JPG;R03;-1
R03_080226_3.JPG;R03;0
R03_080226_4.JPG;R03;0
R04_080226_1.JPG;R04;0
R04_080226_2.JPG;R04;1
R04_080226_4.JPG;R04;0
R04_080226_3.JPG;R04;-1
R05_080226_1.JPG;R05;0
R05_080226_2.JPG;R05;0
R05_080226_4.JPG;R05;0
R05_080226_5.JPG;R05;0
R05_080226_3.JPG;R05;-1
R06_080226_1.JPG;R06;0
R06_080226_3.JPG;R06;0
R06_080226_2.JPG;R06;-1
R06_080226_4.JPG;R06;-1
R06_080226_5.JPG;R06;-1
R07_080226_2.JPG;R07;0
R07_080226_5.JPG;R07;0
R07_080226_1.JPG;R07;1
R07_080226_3.JPG;R07;-1
R07_080226_4.JPG;R07;-1
R08_080226_1.JPG;R08;0
R08_080226_2.JPG;R08;0
R08_080226_3.JPG;R08;0
R08_080226_4.JPG;R08;-1
R09_080226_1.JPG;R09;0
R09_080226_2.JPG;R09;0
R09_080226_3.JPG;R09;0
R09_080226_4.JPG;R09;0
R09_080226_5.JPG;R09;1
R10_080226_1.JPG;R10;0
R10_080226_2.JPG;R10;0
R10_080226_3.JPG;R10;0
R10_080226_4.JPG;R10;0
R11_080226_1.JPG;R11;0
R11_080226_2.JPG;R11;-1
R11_080226_3.JPG;R11;1
R11_080226_4.JPG;R11;1
R12_080226_1.JPG;R12;0
R12_080226_4.JPG;R12;0
R12_080226_2.JPG;R12;-1
R12_080226_3.JPG;R12;-1
R13_080226_3.JPG;R13;0
R13_080226_2.JPG;R13;0
R13_080226_4.JPG;R13;-1
R13_080226_5.JPG;R13;-1
R14_080226_1.JPG;R14;0
R14_080226_3.JPG;R14;0
R14_080226_2.JPG;R14;1
R14_080226_4.JPG;R14;0
R15_080226_1.JPG;R15;0
R15_080226_2.JPG;R15;0
R15_080226_4.JPG;R15;-1
R15_080226_5.JPG;R15;-1
R15_080226_3.JPG;R15;0
R15_080226_6.JPG;R15;-1
R16_18042026_1.JPG;R16;0
R16_18042026_2.JPG;R16;0
R16_18042026_4.JPG;R16;0
R16_18042026_5.JPG;R16;0
R16_18042026_3.JPG;R16;1
R16_18042026_6.JPG;R16;1
R17_18042026_1.JPG;R17;0
R17_18042026_2.JPG;R17;1
R17_18042026_3.JPG;R17;1
R17_18042026_5.JPG;R17;-1
R17_18042026_7.JPG;R17;-1
R17_18042026_4.JPG;R17;-1
R17_18042026_6.JPG;R17;-1
R18_18042026_2.JPG;R18;-1
R18_18042026_3.JPG;R18;0
R18_18042026_4.JPG;R18;0
R18_18042026_5.JPG;R18;0
R18_18042026_6.JPG;R18;0
R18_18042026_7.JPG;R18;0
R18_18042026_1.JPG;R18;-1
R19_18042026_1.JPG;R19;0
R19_18042026_2.JPG;R19;0
R19_18042026_3.JPG;R19;0
R19_18042026_4.JPG;R19;0
R19_18042026_5.JPG;R19;0
R19_18042026_6.JPG;R19;0
R19_18042026_7.JPG;R19;1
R20_18042026_1.JPG;R20;0
R20_18042026_2.JPG;R20;1
R20_18042026_4.JPG;R20;0
R20_18042026_5.JPG;R20;0
R20_18042026_6.JPG;R20;0
R20_18042026_3.JPG;R20;1
R21_18042026_1.JPG;R21;0
R21_18042026_3.JPG;R21;0
R21_18042026_4.JPG;R21;1
R21_18042026_6.JPG;R21;0
R21_18042026_7.JPG;R21;0
R21_18042026_2.JPG;R21;-1
R21_18042026_5.JPG;R21;0
R22_18042026_1.JPG;R22;0
R22_18042026_3.JPG;R22;0
R22_18042026_6.JPG;R22;0
R22_18042026_2.JPG;R22;-1
R22_18042026_4.JPG;R22;-1
R22_18042026_5.JPG;R22;-1
R23_18042026_2.JPG;R23;-1
R23_18042026_6.JPG;R23;0
R23_18042026_7.JPG;R23;0
R23_18042026_1.JPG;R23;-1
R23_18042026_3.JPG;R23;0
R23_18042026_4.JPG;R23;0
R23_18042026_5.JPG;R23;0
R24_18042026_1.JPG;R24;0
R24_18042026_7.JPG;R24;0
R24_18042026_2.JPG;R24;1
R24_18042026_3.JPG;R24;0
R24_18042026_4.JPG;R24;0
R24_18042026_5.JPG;R24;-1
R24_18042026_6.JPG;R24;1
R24_18042026_8.JPG;R24;1
R25_18042026_1.JPG;R25;0
R25_18042026_3.JPG;R25;0
R25_18042026_4.JPG;R25;0
R25_18042026_5.JPG;R25;-1
R25_18042026_2.JPG;R25;-1
R26_18042026_2.JPG;R26;0
R26_18042026_5.JPG;R26;0
R26_18042026_6.JPG;R26;0
R26_18042026_7.JPG;R26;0
R26_18042026_1.JPG;R26;-1
R26_18042026_3.JPG;R26;-1
R27_18042026_2.JPG;R27;0
R27_18042026_5.JPG;R27;0
R27_18042026_6.JPG;R27;0
R28_18042026_1.JPG;R28;0
R28_18042026_3.JPG;R28;1
R28_18042026_4.JPG;R28;0
R28_18042026_5.JPG;R28;1
R28_18042026_6.JPG;R28;-1
R29_18042026_2.JPG;R29;0
R29_18042026_7.JPG;R29;0
R30_18042026_1.JPG;R30;0
R30_18042026_2.JPG;R30;1
R30_18042026_3.JPG;R30;-1
R30_18042026_4.JPG;R30;0
R30_18042026_5.JPG;R30;0
R30_18042026_6.JPG;R30;0
R31_18042026_1.JPG;R31;0
R31_18042026_3.JPG;R31;-1
R31_18042026_4.JPG;R31;-1
R32_18042026_1.JPG;R32;0
R32_18042026_2.JPG;R32;0
R32_18042026_4.JPG;R32;0
R32_18042026_5.JPG;R32;0
R33_18042026_2.JPG;R33;0
R33_18042026_4.JPG;R33;0
R33_18042026_5.JPG;R33;0
R33_18042026_6.JPG;R33;0
R34_18042026_1.JPG;R34;0
R34_18042026_4.JPG;R34;0
R34_18042026_5.JPG;R34;0
R34_18042026_6.JPG;R34;0
R35_18042026_2.JPG;R35;0
R35_18042026_4.JPG;R35;-1
R35_18042026_5.JPG;R35;0
R26_18042026_4.JPG;R26;1
R27_18042026_1.JPG;R27;-1
R27_18042026_3.JPG;R27;1
R27_18042026_4.JPG;R27;1
R28_18042026_2.JPG;R28;-1
R29_18042026_1.JPG;R29;-1
R29_18042026_3.JPG;R29;-1
R29_18042026_4.JPG;R29;1
R29_18042026_5.JPG;R29;1
R29_18042026_6.JPG;R29;-1
R31_18042026_2.JPG;R31;0
R32_18042026_3.JPG;R32;0
R33_18042026_1.JPG;R33;1
R33_18042026_3.JPG;R33;1
R34_18042026_2.JPG;R34;-1
R34_18042026_3.JPG;R34;-1
R35_18042026_1.JPG;R35;0
R35_18042026_3.JPG;R35;1
075_200825_1.jpeg;75;0
076_200825_1.jpeg;76;0
077_200825_1.jpeg;77;1
078_200825_1.jpeg;78;1
079_200825_1.JPG;79;0
080_200825_1.JPG;80;0
080_200825_2.JPG;80;0
081_200825_1.JPG;81;-1
082_200825_1.jpeg;82;0
083_200825_1.jpeg;83;0
084_200825_1.JPG;84;0
085_200825_1.JPG;85;-1
086_200825_1.JPG;86;1
087_200825_1.JPG;87;-1
088_200825_1.JPG;88;1
089_200825_1.JPG;89;1
090_200825_1.JPG;90;0
091_200825_1.JPG;91;0
093_100925_1.JPG;93;-1
093_100925_2.JPG;93;0
099_100925_1.JPG;99;0
099_100925_2.JPG;99;0
101_100925_1.JPG;101;-1
101_100925_2.JPG;101;-1
